id,term,translation,domain
1,absorb,Anonom,science
2,absorb,nonom,science
3,acceleration,Ne mirika,science
4,action,Adeyɔ,science
5,adapt,sakra,science
6,adapt,sesa,science
7,adaptation,nsakrae,science
8,adaptation,nsesae,science
9,adjust,Danedane,science
10,adult,ɔpanyin,science
11,advantage,Ediboa,science
12,affect,biribi,science
13,air,Mframa,science
14,air mass,mframa mu duru,science
15,air pressure,mframa tumi,science
16,air resistance,mframa a ɛkotia,science
17,alternate,Ɛsesa sesa,science
18,alto,fam,science
19,amount,Ne dodoɔ,science
20,amplitude,Abuso,science
21,analyze,Hwehwɛ mu,science
22,anatomy,Abosuo,science
23,anatomy,mmoa bɔbea,science
24,ancestor,Nananom,science
25,ancient,Tete,science
26,angle,Angle,science
27,animal,Aboa,science
28,Animalia,Mmoadoma,science
29,appliance,Yɛde di dwuma,science
30,appliance,adwinnade,science
31,apply,Fa yɛ adwuma,science
32,apply,fa di dwuma,science
33,appropriate,Ɛfata,science
34,approximately,Fa w’anibu,science
35,arrange,Hyehyɛ,science
36,asexual,Onni bɔbeasu,science
37,assemble,Boa ano,science
38,asteroid,Wiemboba,science
39,atmosphere,Ewiem nsɛm,science
40,atom,Atom,science
41,atomic number,Atom nɔma,science
42,available,Ɛwɔ hɔ,science
43,axis,Ntwaho dua,science
44,bacteria,Aboawa,science
45,balance,Nsɛneɛ,science
46,balance,Nsɛnia,science
47,balance,Ɛyɛ pɛ,science
48,bar graph,Nkonta mu nfonin,science
49,bare,Ɛho da hɔ,science
50,battery,Batre,science
51,bed,Mpa,science
52,behavior,Suban,science
53,beneficial,Ediboa,science
54,benefit,Nnepa,science
55,benefit,mfaso,science
56,best,nea eye paa,science
57,binary fission,Emu paepae mmienu,science
58,bird,Anomaa,science
59,blink,Bɔ w’ani,science
60,blizzard,asukɔtweaa,science
61,block,Si kwan,science
62,blood tissue,Mogya mu adeɛ,science
63,blood tissue,nneɛma,science
64,blossom,Eyi nhwere,science
65,blossom,ɛyɛ frɔmfrɔm,science
66,blossom,egu nhwiren,science
67,boil,Ehuru,science
68,boiling point,Berɛ a ehuru,science
69,bone tissue,Dompe mu adeɛ,science
70,bounce,Ehurihuri,science
71,brain,Adwene,science
72,brain,amemene,science
73,bundle,Bɔ no boa,science
74,bundle,ka bom,science
75,bundle,kyekyere,science
76,buoyancy,emu yɛ hare,science
77,calcium,Kalseɔm,science
78,calorie,Aduane duro,science
79,cancer,Kokoram,science
80,capillary,Ntini nketenkete paa,science
81,capture,Kyere,science
82,carbohydrate,Kabohaidrete,science
83,carbon (C),Kaabɔn,science
84,carbon dioxide (CO₂),mframa bɔne,science
85,category,Akuo,science
86,caterpillar,Osa,science
87,celestial,Ɛwɔ wiem,science
88,cell,Sɛll,science
89,cell,nkwammoa,science
90,cell cycle,Sɛll ntwaho,science
91,cell cycle,nkwammoa kyinhyiadi,science
92,cell division,Sɛll nkyekyemu,science
93,cell division,nkwammoa nkyekyɛ mu,science
94,cell membrane,nkwammoa nnuraho,science
95,cell theory,Sɛll ho adesua,science
96,cell theory,nkwammoa ho nkyerɛkyerɛ,science
97,cell wall,Sɛll ho afasuo,science
98,cell wall,nkwammoa ho fasu,science
99,cellular respiration,Sɛll mu ahome,science
100,cellular respiration,nkwammoa ahome,science
101,Celsius (°C),Selhyios,science
102,Celsius (°C),selsiɔs,science
103,cement,Somente,science
104,centimeter (cm),Sɛntimeter,science
105,central nervous system,Adwene mu,science
106,chain,Ɛsesaso,science
107,chain,Ɛtoatoa so,science
108,chain,kɔnsɔnkɔnsɔn,science
109,change,Ɛsesa,science
110,change of motion,Asesa n’ahokeka,science
111,change of speed,Asesa ne mmirika,science
112,characteristic,Ne su,science
113,chart,Nfonin,science
114,chemical,Aduro,science
115,chemical bond,Aduro no mfamho,science
116,chemical change,Aduro nsesae,science
117,chemical energy,Aduro no ahoɔden,science
118,chemical property,Aduro ne su,science
119,chemical reaction,Aduro mu nsusuansoɔ,science
120,chemical system,Aduro mu nhyehyɛeɛ,science
121,choose,Yi,science
122,choose,paw,science
123,chromosome,Kromosome,science
124,circulation,Ɛfefa baabi,science
125,circulation,kyinhyiadi,science
126,classification,Y’ahyehyɛ no akuoakuo,science
127,classify,Hyehyɛ no akuoakuo,science
128,climate,Ewiem nsesaeɛ,science
129,cloud,Mununkum,science
130,coal,Asaase mu bidie,science
131,code,Kodu,science
132,code,ahyɛnsode,science
133,code,akwankyerɛ,science
134,cold front,Mframa nwununwunu,science
135,collect,Gyegye,science
136,collide,Apem,science
137,color,Ahosuo,science
138,column,Afa,science
139,comfortable,Ahodwoɔ,science
140,comfortable,ahotɔ,science
141,communicate,Dinkitaho,science
142,community,Mpɔtɛmo,science
143,compare,Fatoto ho,science
144,competition,Akansie,science
145,compose,Twa,science
146,compose,yɛ biribi,science
147,compound,Mmɔhommɔho,science
148,compress,Moa,science
149,compress,mia so,science
150,Compression,Ademoa,science
151,Computer,Komputa,science
152,Conclude,Wie,science
153,Conclusion,Awieɛ,science
154,condense,Mframa dane nsuo,science
155,condition,Tebea,science
156,conduct,Ahoɔden tumi famu,science
157,conduction,Sɛ ahoɔden refamu,science
158,consequences,Nsunsuansoɔ,science
159,conservation,Adekora,science
160,conservation of energy,Ɛrekora ahoɔden,science
161,conservation of mass,Ɛrekora emuduro,science
162,conserve,Kora,science
163,consist of,Nea ɛwɔ mu,science
164,consistent,Ɛntaa nsesa,science
165,constant,Egyina faako,science
166,construct,Si,science
167,consumer,Nea odie,science
168,contain,Sɔ ano,science
169,content,Nea ɛwɔ mu,science
170,continent,Asaasetam,science
171,contrast,nsɛnia,science
172,control,Di so,science
173,coordinate,Toto nneɛma,science
174,coordination,Ntotoeɛ,science
175,core,Ne mfinfin,science
176,covalent bond,Kofalent mfamho,science
177,create,Nwene,science
178,crest,Atifi,science
179,crop,Nɔbaeɛ,science
180,crust,Ɛho,science
181,crystal,Ɛboɔ hyɛnhyɛn,science
182,crystallization,Ɛredane boɔ hyɛnhyɛn,science
183,cubic,Kubik,science
184,cubic centimeter,Kubik sɛntimeta,science
185,cure,Ayaresa,science
186,cycle,kyinhyia,science
187,cytoplasm,nkwammoa,science
188,daily,Da biara da,science
189,dam,Su tadeɛ,science
190,data,Data,science
191,data table,Data pono,science
192,daylight,Awiabrɛ han,science
193,decay,Aprɔ,science
194,decrease,Ɛso ate,science
195,defend,Banbɔ,science
196,deficient,Ɛtɔsini,science
197,define,Kyerɛ aseɛ,science
198,definite,Ɛtoɔtwa,science
199,delta,Delta,science
200,density,Emu duro,science
201,dependent variable,Deɛ ɔdan obi,science
202,deposition,Y’atu w’adeɛ so,science
203,descend,Sane,science
204,descendants,Asefoɔ,science
205,describe,Kyeremu,science
206,desert,Ɛsrɛso,science
207,design,Sɛdeɛ yɛsi anwene,science
208,determine,Kyerɛ,science
209,develop,Yɛ,science
210,development,Adeyɛ,science
211,development,nkɔso,science
212,diagram,Nfonin,science
213,difference,Nsonsoneɛ,science
214,direct,Kyerɛkwan,science
215,directions,Akwankyerɛ,science
216,directly,Pɔtee,science
217,discuss,Di ho nkɔmmɔ,science
218,disperse,Ahyeta,science
219,disperse,apete,science
220,dissolve,Ahono,science
221,distance,Kwan bi tenten,science
222,distinctive,Ɛdanso,science
223,distribute,Kyekyɛ,science
224,disturb,Teetee,science
225,diversity,Asɔɔtoo,science
226,diversity,ahorow,science
227,DNA,DNA,science
228,dominant,Nhyɛsodeɛ,science
229,draw,Dwi,science
230,dump,Totwene,science
231,earth,Ewiase,science
232,earth,asase,science
233,earthquake,Asaase wosoɔ,science
234,earthworm,Sonsono,science
235,echo,Nnyegyeɛ,science
236,eclipse,Bosome akye awia,science
237,effect,Nsunsuansoɔ,science
238,efficient,Ɛyɛ n’adwuma yie,science
239,egg,Kosua,science
240,electric current,Nyinam tumi,science
241,electric current,anyinam ahoɔden,science
242,electrical,Ɛfa nyinam ho,science
243,electrical circuits,Nyinam ahoɔden ntwaho,science
244,electricity,Nyinam ahoɔden,science
245,electromagnet,Elɛktromagnɛte,science
246,electromagnetic spectrum,Elɛktromagnɛte akwaban,science
247,electromagnetic waves,Elɛktromagnɛte ahoɔden amunimuni,science
248,electromagnetism,Ɛfa Elɛktromagnɛte ho,science
249,electron,Elɛktron,science
250,elements,Abɔdeɛ mu nneɛma,science
251,elevation,Mpegya,science
252,elevation,ma so,science
253,emit,Epu,science
254,endothermic,Emu bɔhyew,science
255,energy,Tumi,science
256,energy,ahoɔden,science
257,energy flow,Ahoɔden nsaneɛ,science
258,energy pyramid,Ahoɔden piramede,science
259,energy resources,Ahoɔden ho nnepa,science
260,ensure,Hwɛ sɛ,science
261,environment,Mmɔntenso,science
262,environment,mpɔtam,science
263,Environmental,Ɛfa mmɔntenso ho,science
264,Environmental,ɛfa mpɔtam ho,science
265,environmental changes,Mmɔntenso nsesaeɛ,science
266,equal,Ɛyɛ pɛ,science
267,equation,Afanu  pɛrepɛreyɔ,science
268,equator,Asaase mfinfin,science
269,equilibrium,Pɛyɛ,science
270,erosion,Susuan,science
271,error,Mfomsoɔ,science
272,esophagus,Honhon,science
273,esophagus,menem,science
274,establish,Te,science
275,establish,si,science
276,establish,yɛ,science
277,establish,kyerɛ,science
278,estimate,Fa w’anibu,science
279,estimation,Deɛ yɛde aniabu,science
280,evaluate,Susu,science
281,evaporate,Dane ntutuo,science
282,evaporation,Ɛdane ntutuo,science
283,evidence,Adanseɛ,science
284,evolution,adaanandi,science
285,example,Mfatoho,science
286,example,nhwɛso,science
287,exchange,Edi nsesa,science
288,exothermic,Ɛho hyew,science
289,expand,Bae,science
290,expand,bue mu,science
291,experiment,Nhwehwɛmu,science
292,experiment,sɔ biribi hwɛ,science
293,explain,Kyerɛaseɛ,science
294,explain,kyerɛkyerɛ mu,science
295,explanation,Nkyerɛaseɛ,science
296,explanation,Nkyerɛkyerɛ mu,science
297,express,Dan adi,science
298,express,Da no adi,science
299,external,Abɔnten,science
300,extinct,Aseɛ ahye,science
301,fact,Nokwasɛm,science
302,factor,Deɛ nti,science
303,Fahrenheit (°F),Fahrenheit,science
304,Fahrenheit (°F),°F,science
305,fat,Sradeɛ,science
306,fault,Atɔkyew,science
307,fault,mfomso,science
308,feature,Su,science
309,features,Su ahodoɔ,science
310,female sex cell,mmea bɔbeasu nkwammoa,science
311,fertilizer,Fɛtilaisa,science
312,fertilizer,ɔyɛ asase yiye,science
313,fiber,Nhomanhoma,science
314,fish,Apataa,science
315,fish,nam,science
316,flood,Nsuyiri,science
317,flower,Nhweren,science
318,flower,nhwiren,science
319,fluid,Nsuonsuo,science
320,folded,Abobɔ,science
321,food,Aduane,science
322,food chain,Aduane nkɔnsɔnkɔnsɔn,science
323,food web,Aduane ntentan,science
324,force,Ahoɔden,science
325,form,Nwene,science
326,formation,Adenwene,science
327,former,Deɛ edi anim,science
328,formulate,Nwene,science
329,freezing,Ɛredane nsuboɔ,science
330,friction,Twitwiri,science
331,front,Anim,science
332,fruit,Aduaba,science
333,filter,Nsɔnesoɔ,science
334,function,Adeyɔ,science
335,function of living things,Deɛ Abɔdeɛ yɛ,science
336,fungi,Fungi,science
337,fungi,afifide,science
338,galaxy,Wiemu nsroma ahodoɔ,science
339,galaxy,nsoromakuw,science
340,garbage,Nwura,science
341,gas,Mframagya,science
342,gas giants,Mframa mu okunin,science
343,gene,Gene,science
344,generation,Abɔdeɛ ekuo,science
345,generation,awo ntoatoaso,science
346,genetic material,Genetike ho adeɛ,science
347,genetically,Ɛfa genetike ho,science
348,genetic variation,Genetike mu adaneadane,science
349,germination,Ade fefɛ,science
350,glacier,Asukɔkyea a akantoa,science
351,global,Ewiase,science
352,global climate,Ewiase wiem nsakraeɛ,science
353,global warming,Ewiase hyewbɔ,science
354,gram (g),Gram,science
355,gram (g),g,science
356,graph,Nkonta mu nfonin,science
357,graphic,Ɛdan adi,science
358,green plant,Mfueɛ,science
359,green plant,afifide,science
360,groundwater,Asaase ase nsuo,science
361,group,Ekuo,science
362,grow,Nyini,science
363,growth,Onyini,science
364,habit,Suban,science
365,hardness,Ne denden,science
366,hardness,ne denyɛ,science
367,harmful,Etumi pira,science
368,hazardous,Etumi di awu,science
369,healthy habit,Suban papa,science
370,hearth,Efie,science
371,hearth,muka,science
372,hearth,fononoo,science
373,hearth muscle,Akoma ho ntinintini,science
374,heat,Ɔhyew,science
375,hibernation,Bɔ woho adwaa,science
376,host,Nea ɔgye hohoɔ,science
377,human,Nnipa,science
378,human cell,Nnipa mu akwaawa,science
379,humid,Nsuo ɛwɔ wiem,science
380,hurricane,Ɛpo mu mfamahyew,science
381,hypothesis,Nimdeɛ mu bɔtrimuka,science
382,identical,Edi nsɛ,science
383,identification,Ahyɛnsode,science
384,identify,Hyɛ ne nso,science
385,illuminate,Ma ɛhan,science
386,illuminate,hyerɛn,science
387,illustrate,Yi kyerɛ,science
388,illustrate,yɛ nhwɛso,science
389,inclined plane,Ntweaseɛ a akyea,science
390,increase,Ɛkɔ soro,science
391,independent,Odi neho so,science
392,indicate,Kyerɛ,science
393,indirect,Ɛnnyɛ pɔtee,science
394,individual,Ankorankorɛ,science
395,infection,Nsaneyareɛ,science
396,infectious disease,Nsaneyareɛ,science
397,information,Nsɛm,science
398,inherit,Bedi adeɛ,science
399,inheritance,Adedie,science
400,instrument,Anwenade,science
401,interact,Di nsawɔsoɔ,science
402,interact,di nkitaho,science
403,interaction,Nsawɔsodie,science
404,interaction,nkitahodi,science
405,interior,Emu,science
406,internal,Emu,science
407,interpret,Kyerɛ aseɛ,science
408,inversion,Edi adane,science
409,investigation,Nhwehwɛmu,science
410,ion,Ion,science
411,ionic bond,Ionik mfamho,science
412,iron (Fe),Dadeɛ iron,science
413,iron (Fe),Fe,science
414,jellyfish,Nsuomu aboa,science
415,joint,N’apɔso,science
416,kilogram (kg),Kilogram,science
417,kilogram (kg),kg,science
418,kiloliter (kl),Kilolita,science
419,kiloliter (kl),kl,science
420,kilometer (km),Kilometa,science
421,kinetic energy,Kinɛtik ahoɔden,science
422,kingdom,Ahinie,science
423,kingdom,ahenni,science
424,knowledge,Nimdeɛ,science
425,label,Ahyɛnsodeɛ,science
426,landslide,Asaase dwiri,science
427,large intestine,Nsono akɛseɛ,science
428,larva,Osa,science
429,laser,Lesa kaneɛ,science
430,layer,Ntasoɔ,science
431,layer,nkataso,science
432,leaf,Ahahan,science
433,learned,Y’asua,science
434,learned adaptation,Abrabɔ a y’asua,science
435,leaves,Nhaban,science
436,lever,Daban,science
437,life cycle,nkwa kyinhyiadi,science
438,life span,Abɔdeɛ nkwanna,science
439,lift,Kukru,science
440,lift,ma so,science
441,light,Kanea,science
442,light,hann,science
443,light-years,Kanea mfeɛso,science
444,lines of force,Ahoɔden nsensaneɛ,science
445,link,Atoatoa,science
446,liquid,Adeɛ ɛyɛ nsuonsuo,science
447,list,Tweɛtwerɛ,science
448,liter (L),Lita,science
449,liter (L),L,science
450,liver,Brɛboɔ,science
451,living things,Abɔdeɛ a ɛtease,science
452,Location,Faako,science
453,Location,beae,science
454,Locomotion,Nanteɛ,science
455,Loudness,Anoden,science
456,Lungs,Aherawa,science
457,Lungs,ahurututu,science
458,Luster,Ɛhan,science
459,Machine,Afidie,science
460,Magnet,Stim,science
461,Magnet,Magnɛt,science
462,Magnetism,Ɛfa stim ho,science
463,Maintain,Kora,science
464,Maintenance,Adekora,science
465,Major,Titiriw,science
466,Manage,Toto,science
467,mantle,Nduraho,science
468,map,Map,science
469,map,asase mfonini,science
470,mass,Mass,science
471,material,Adeɛ,science
472,materials,Nneɛma,science
473,mathematics,Nkonta,science
474,measure,Susu,science
475,measurement,Nsusueɛ,science
476,mechanical energy,Mfidie mu ahoɔden,science
477,medium,Deɛ adeɛ namso,science
478,meiosis,Meiosis,science
479,melting,Ɛrenane,science
480,metal,Dadeɛ,science
481,metallic bond,Dadeɛ mu mfamho,science
482,meter (m),Basafa,science
483,methane,Metane,science
484,method,Nhyehyɛdeɛ,science
485,method,sɛnea wɔyɛ biribi,science
486,migration,Akwantuo,science
487,Milky Way,nsoromakuw a yehu,science
488,milligram (mg),milligram,science
489,milligram (mg),mg,science
490,milliliter (ml),millilita,science
491,milliliter (ml),ml,science
492,millimeter (mm),millimeta,science
493,millimeter (mm),mm,science
494,mineral,Asaase mu agudeɛ,science
495,mitochondria,Mitokondria,science
496,mitosis,Sɛll nkyekyɛmu,science
497,moisture,Nsuo,science
498,molecule,Molekule,science
499,mollusk,Ɛnwa abusua,science
500,monthly,Bosome bosome,science
501,Monera,Monera,science
502,monoculture,Amamerɛ krɔ,science
503,monoculture,afifide koro,science
504,moon,Bosome,science
505,moon,ɔsram,science
506,motion,Ahokeka,science
507,motor,Moto,science
508,mountain,Bepɔ,science
509,mouth,Anom,science
510,movement,Anamɔntutuo,science
511,movement of plates,Plɛte anamɔntutuo,science
512,mucus,Amaman,science
513,muscle,Ntini,science
514,muscle tissue,Ntini akwaa,science
515,muscular system,Ntini ho nhyehyɛeɛ,science
516,negative,Etwam,science
517,nervous system,Aboa adwene,science
518,net force,Tumi no nsesa,science
519,neuron,Adwenemu fa,science
520,neutral,Onni afa biara,science
521,neutron,Neutro,science
522,Newton,Newton,science
523,niche,Tenebea,science
524,niche,tenabea,science
525,nimbus,Ɛhan atwa kanko,science
526,nitrogen,Nitrogen,science
527,nonliving things,Abɔdeɛ a ɛntease,science
528,nonmetal,Deɛ ɛnnyɛ dadeɛ,science
529,nose,Ɛhwene,science
530,nucleus,Nukleus,science
531,nutrient,Aduane mu nnuro,science
532,object,Adeɛ,science
533,objective,Nokwafoɔ,science
534,obtained,Nya,science
535,occur,Esi,science
536,ocean,Ɛpo baatan,science
537,ocean,asu bun,science
538,odor,Pampan,science
539,offspring,Deɛ y’awoɔ,science
540,offspring,aseni,science
541,ooze,Epu frimu,science
542,opinion,Adwenkyerɛ,science
543,orbit,Kanko,science
544,order,Ahyɛdeɛ,science
545,organ,Nipadua mu akwaa,science
546,organelle,Nipadua mu akwaawa,science
547,organism,Abɔdeɛ a ɛtease,science
548,organize,Toto,science
549,organize,hyehyɛ,science
550,original,Ne tebea ankasa,science
551,ovary,Aboa,science
552,ovary,nnipa nkosua,science
553,overabundance,Aboroso pii,science
554,overcome,Di so,science
555,overpopulation,Emufoɔ dɔɔso dodo,science
556,oxygen,Ɔksegen,science
557,oxygen,mframa pa,science
558,ozone,Mframagya ozone,science
559,parallel circuit,Ntwaho a enhyia,science
560,parent cell,Awofoɔ no sɛll,science
561,particle,Adeɛ,science
562,pattern,Anweneɛ,science
563,pedigree chart,Dibea ho nfonin,science
564,perceive,Susu sɛ,science
565,"percent, percentage",Ɔha mu nkyemu,science
566,period,Berɛ bi,science
567,petroleum,Famngo,science
568,phases,Ɛfa,science
569,phenomena,Anwanwadeɛ,science
570,phosphorus,Phosphorus,science
571,physical,Deɛ anihunu,science
572,physical change,Deɛ anihunu nsesae,science
573,picture,Nfonin,science
574,pie,Atwa kanko,science
575,pitch,Ɛnee nnyegyeɛ,science
576,planet,Kyinsroma,science
577,planet,okyinsoroma,science
578,plant,Mfueɛ,science
579,plant,afifide,science
580,Plantae,Mfueɛ kubaatan,science
581,plate,Plɛte,science
582,poison,Awuduro,science
583,pollen,Polen,science
584,pollution,Efiyɔ,science
585,position,Gyinabea,science
586,positive,Ɛyɛ papa,science
587,precipitation,Nsutɔ,science
588,predator,Deɛ okum,science
589,presence,Sɛ ɛwɔ hɔ,science
590,presence,mprempren,science
591,preserve,Kora so,science
592,pressure,Nhyɛsoɔ,science
593,previous,Dada deɛ,science
594,previous,nea atwa mu,science
595,probable,Deɛ ebetumi aba,science
596,probable,ebia,science
597,produce,yɛ,science
598,producer,nea ɔyɔeɛ,science
599,prokaryotic,Prokaryotik,science
600,property,Agyapadeɛ,science
601,properties,Yɛbea ahodoɔ,science
602,protect,Bɔ ho ban,science
603,protein,Aduane duro proten,science
604,Protista,Protista,science
605,proton,Proton,science
606,provide,Fama,science
607,pulley,Ntwahodeɛ,science
608,Punnett square,Punnet adaka,science
609,pupa,Osa,science
610,purpose,Botae,science
611,pushes and pulls,Apiapia ne atwetwe,science
612,radiation,Radiehyɛn,science
613,radioactive,Etumi pu rediahyɛn,science
614,radioisotope,radioisotope,science
615,rarefaction,Sɛso a akyea,science
616,rate,Anosom,science
617,ray,Ɛkan,science
618,react,Ma anoyie,science
619,reactant,Nea ɛma muaeɛ,science
620,rearrange,Hyehyɛ bio,science
621,reason,Nyinasoɔ,science
622,reason,atirmpɔw,science
623,receive,gye,science
624,recessive,Y’ahyɛneso,science
625,recognize,Hyɛ ne nso,science
626,record,Kye to hɔ,science
627,record,kyerɛw to hɔ,science
628,rectum,Trumuu,science
629,recycle,Fadi dwuma bio,science
630,reduce,Teso,science
631,refer,Dane ma,science
632,reflect,Twa wo sɛso,science
633,reflex,Ahokeka,science
634,regulation,Hyɛ ho mmara,science
635,relationship,Twaka,science
636,release,Gyae mu,science
637,relevant,Mfasoɔ wɔ so,science
638,remain the same,Aka hɔ saa,science
639,remains,Nkaseɛ,science
640,remains,nea aka,science
641,repair,Siesie,science
642,represent,Si ananmu,science
643,reproduce,Wo,science
644,reproduction,Ɛfa awoɔ ho,science
645,reptile,mmoa a wɔwea,science
646,required,Ɛyɛ nhyɛ,science
647,required,ahwehwɛde,science
648,required,ahiade,science
649,resist,Si kwan,science
650,resist,ko tia,science
651,resistant to,Adeɛ ntumi no,science
652,resource,Nnepa,science
653,respiration,Ahomee,science
654,respiratory system,Ahomee ho nhyehyɛeɛ,science
655,respond,Ma muaeɛ,science
656,respond,yi ano,science
657,response,Muaeɛ,science
658,response,ano yi,science
659,responsible,Deɛ ntia,science
660,responsible,asɛde,science
661,restore,Hyɛ anan mu,science
662,result,Deɛ ɛkɔ wie,science
663,reverse,Akyirikɔ,science
664,revolve,Etwa fa ho,science
665,rock,Botan,science
666,rock cycle,Botan bra ntwaho,science
667,role,Dwumadie,science
668,root,Nhini,science
669,rotate,Etwa ne ho,science
670,rotation,Ntwaho,science
671,runoff,Nsusuan,science
672,rust,Wenaakyene,science
673,rust,nkanare,science
674,saliva,Ntɛsuo,science
675,salivate,Wore twa ntɛsuo,science
676,samples,Mfatoho,science
677,samples,nhwɛsode ahorow,science
678,scale,Nsɛneɛ,science
679,scale,nsɛnia,science
680,scarce,Ɛho yɛden,science
681,scarce,ɛho yɛ na,science
682,science,Abɔdeɛ mu nyansapɛ,science
683,science,Abɔde mu nyansahu,science
684,scrape,Wrɛwrɛ,science
685,screw,Skruu,science
686,sea level,Ɛpo gyinabre,science
687,season,Mmerɛ,science
688,secondary,Akyiriadeɛ,science
689,secondary,ntoaso,science
690,sediment,Adeɛ ada aseɛ,science
691,seed,Aduaba,science
692,seedling,Dua a afefɛ,science
693,seep,Enwunu,science
694,select,Yiyi,science
695,select,paw,science
696,sense,Atenka,science
697,sequencing,Ɛrehyehyɛ,science
698,settle,Ada aseɛ,science
699,sewage,Nsu fi,science
700,shape,Abosuo,science
701,shield volcano,Bepɔ mu nsugya,science
702,shiver,Awosoɔ,science
703,shiver,ahopopo,science
704,significant,Ehia,science
705,similarity,Edi nsɛ,science
706,siren,Alam,science
707,situation,Tebea,science
708,size,Adeɛ bi kɛseɛ,science
709,skeletal muscle,Nnompe ho ntini,science
710,skeletal system,Nnompe nhyehyɛeɛ,science
711,shy,Fɛreɛ,science
712,small intestine,Nson ketewa,science
713,smog,Nwusie,science
714,soil,Anwea,science
715,soil,dɔte,science
716,soil texture,Sɛdeɛ anwea,science
717,solar eclipse,Nsroma kye awia,science
718,solar system,Owia nhyehyɛdeɛ,science
719,solar system,okyin nsoroma,science
720,solid,Ɛyɛ den,science
721,solidification,Ɛreyɛ den,science
722,sound,Ɛnee nyegyeɛ,science
723,sound,nnyigyei,science
724,source,Ne farebae,science
725,source,fibea,science
726,space,Ewiemu,science
727,space,ahun mu,science
728,space,ahummu,science
729,specialize,Kwadaremu,science
730,specialize,ho akokwaw mu,science
731,specific,Pɔtee,science
732,specimens,Mfatoho,science
733,specimens,nsusuwso,science
734,speed,Mmirika,science
735,Spill,Pigu,science
736,Spill,puw gu,science
737,spinal cord,Akyi brɛmo,science
738,Sponge,Sapɔ,science
739,Spore,Mfrofrowa,science
740,Spring,Atwetan,science
741,spring scale,atwetan nsɛneɛ,science
742,Sprout,Afefɛ,science
743,Squint,Nyinya w’anim,science
744,Stable,Enhinhim,science
745,Stages,Gyinabrɛ ahodoɔ,science
746,Star,Nsroma,science
747,Starch,Stakye,science
748,State,Tebea,science
749,Stem,Dua mfinfnin,science
750,stimulus,Nkenyan hyɛ,science
751,stomach,Yafunu,science
752,Strain,Ahokyerɛ,science
753,Strategy,Ntotoeɛ,science
754,Strato,Strato,science
755,structure,Nhyehyɛdeɛ,science
756,sublimation,Adeboɔ dane mframa,science
757,substance,Adeɛ,science
758,Sugar,Asikyire,science
759,sulfuric acid,Sulfurik  asid,science
760,summarize,Bɔ ne tɔfa,science
761,summarize,bɔ no mua,science
762,Sun,Owia,science
763,supernova,Supanova,science
764,supernova,nsoroma a etu,science
765,Support,Mmoa,science
766,Surface,Anii,science
767,Survey,Mfeefeemu,science
768,Swamp,Afrɔ mu,science
769,Sweat,Mfifire,science
770,Switch,Sesa mu,science
771,System,Nhyehyɛeɛ,science
772,Table,Ɛpono,science
773,table salt,Ɛnkyene a yɛdi,science
774,Tadpole,Konkontibaa,science
775,technology,Abɛɛfo mfidie,science
776,test,Nsɔhwɛ,science
777,theory,Nimdeɛ mu botrimuka,science
778,thunderstorm,Apranaa dwidwam,science
779,tide,Asrɔkye,science
780,tilt,Akyea,science
781,tilted,Ɛkyeaɛ,science
782,time,Berɛ,science
783,tissue,Abɔdeɛ mu adeɛ,science
784,tool,Anwenade,science
785,tornado,Ohum,science
786,tornado,ahum,science
787,trait,Su,science
788,transport,Akɔneaba die,science
789,transport system,Akɔneabadie nhyehyɛeɛ,science
790,transverse,mmeamu,science
791,transverse,ntwamu,science
792,trench,Amena,science
793,trial,Nsɔhwɛ,science
794,trough,Adididaka,science
795,turbine,Drobɛn kɛseɛ,science
796,type,Asɔɔto,science
797,type,ahorow yɛ,science
798,undergo metamorphosis,Ɛfa nsesaeɛ mu,science
799,unequal,Ɛnnyɛ pɛ,science
800,unique,Ɛda nso,science
801,universe,Ewiase,science
802,universe,amansan,science
803,unstable,Ennyina yie,science
804,valley,bon,science
805,vapor,Ntutuo,science
806,variable,Nea etumi sesa,science
807,variation,Emu nsesa,science
808,variety,Ahodoɔ,science
809,vascular system,Ntinintini nhyehyɛeɛ,science
810,vegetable,Atosodeɛ,science
811,vehicle,Kaa,science
812,velocity,Mmirika,science
813,vertebrate,Ɛwɔ akyi dompe,science
814,vibrate,ɛwosow,science
815,visible,Ani tumi hunu,science
816,vitamin,Nuane nnuro,science
817,volcano,bepɔ a apae,science
818,volume,Emu kɛseɛ,science
819,warm,Dedɛɛdedɛɛ,science
820,warm,boturobodwo,science
821,water,Nsuo,science
822,water cycle,Nsuo ntwaho,science
823,water cycle,nsu kyinhyiadi,science
824,water vapor,Ntutuo,science
825,wavelength,Mframa teneten,science
826,weather,Ewiem nhyehyɛeɛ,science
827,weathering,Aboɔ mu nwenweɛ,science
828,weight,Emu duro,science
829,wind,Mframa,science
830,wind,ahum,science
831,wise,Nyansa,science
832,work,Adwuma,science
833,wrinkle,Atwintwam,science
834,zone,Bea,science
835,zygote,Kosua a ahane,science
836,abattoir,aboa kum fie,agric
837,aboiteau,nsu ban ɔkwan,agric
838,acaricide,nkramamoadi kum aduro,agric
839,acreage,asase dodoɔ,agric
840,acre-foot,eka-nan susudua,agric
841,adjuvant,nkabom aduro,agric
842,aerial seeding,wim aba nnua,agric
843,aeroponics,wim mfudeɛ,agric
844,agrarian system,kuadwuma nhyehyɛeɛ,agric
845,agrarianism,kuadwuma gyedie,agric
846,agribusiness,kuadwuma aguadie,agric
847,agricultural aircraft,kuadwuma wimhyɛn,agric
848,agricultural cooperative,kuadwuma nkabom kuo,agric
849,agricultural cycle,kuadwuma mmerɛ nhyehyɛeɛ,agric
850,agricultural economics,kuadwuma sikasɛm,agric
851,agricultural engineering,kuadwuma mfidwuma,agric
852,agricultural extension,kuadwuma nkyerɛkyerɛ,agric
853,agricultural fencing,kuadwuma aban,agric
854,agricultural land,kuadwuma asase,agric
855,agricultural machinery,kuadwuma mfiri,agric
856,agricultural productivity,kuadwuma nsodeɛ,agric
857,agricultural recession,kuadwuma asehweɛ,agric
858,agricultural science,kuadwuma nimdeɛ,agric
859,agriculture,kuadwuma,agric
860,agriculturist,okuafoɔ,agric
861,agritourism,kuadwuma nsrahwɛ,agric
862,agrivoltaics,kuadwuma anyinam ahoɔden,agric
863,agrobiology,kuadwuma abɔdeɛ mu nimdeɛ,agric
864,agroecology,kuadwuma tebea ho nimdeɛ,agric
865,agroecosystem,kuadwuma tebea nhyehyɛeɛ,agric
866,agroforestry,kuadwuma ne kwaeɛ,agric
867,agrology,asase mu nimdeɛ,agric
868,agronomy,mfudeɛ ho nimdeɛ,agric
869,algaculture,nkyene yɛ,agric
870,animal engine,aboa mfiri,agric
871,animal feed,aboa aduane,agric
872,animal unit,aboa dodow,agric
873,animal-free agriculture,aboa nni kuadwuma,agric
874,apiculture,nwowa yɛ,agric
875,aquaculture,nsu mu mmoa yɛ,agric
876,aquaponics,nsu ne mpataa yɛ,agric
877,arable land,asase a wɔtumi dua,agric
878,arboricide,nnua kum aduro,agric
879,artificial daylight supplementation,awia hann nkabom,agric
880,artificial selection,nsa paw,agric
881,assarting,kwaeɛ yi,agric
882,backfat,akyi srade,agric
883,backgrounding,mmoa yɛneyɛ,agric
884,bale,ɛho akyekyere,agric
885,bale wrapper,ɛho akyekyere nkataho,agric
886,barbed wire,ntweaban hankare,agric
887,barn,mmoa dan,agric
888,barnyard,mmoa dan adiwo,agric
889,barrow,prako a wɔayi ne mma,agric
890,bearing acres,eka a ɛsow aba,agric
891,beef cattle,nantwi a wɔde yɛ nam,agric
892,beefalo,nantwi ne efuo mmoawa,agric
893,beekeeping,nwowa hwɛ,agric
894,biennial bearing,mfeɛ mmienu mu aba,agric
895,billy goat,paprɛko,agric
896,bin burn,aboa aduan hyeɛ,agric
897,biochar,abɔdeɛ bidie,agric
898,biodynamic agriculture,abɔdeɛ ahoɔden kuadwuma,agric
899,bioeffector,abɔdeɛ nsakraeɛ,agric
900,biofertilizer,abɔdeɛ asase ahoɔdennuro,agric
901,biofortification,abɔdeɛ ahoɔdennuro nkabom,agric
902,biofuel,abɔdeɛ fango,agric
903,bioinoculant,abɔdeɛ mmoawa de hyɛ,agric
904,biological farming,abɔdeɛ kuadwuma,agric
905,biosaline agriculture,nkyene kuadwuma,agric
906,biosolarization,owia so abɔdeɛ kum,agric
907,bioturbation,abɔdeɛ asase wosow,agric
908,blood meal,mogya aduane,agric
909,boar,prako,agric
910,bobby calf,nantwi ba ketewa,agric
911,boll,kotoku dabere,agric
912,bolting,ntɛm nhwiren,agric
913,bone meal,nnompe aduane,agric
914,border irrigation,ahye so nsu gugu,agric
915,bran,aburoo ho nwini,agric
916,branding,gyinaberɛ hyɛ,agric
917,branding iron,dadeɛ a wɔde hyɛ gyinaberɛ,agric
918,breadbasket,aduane bea,agric
919,broadacre,asase kɛseɛ,agric
920,broadcast seeding,aba pete,agric
921,broadfork,aforɔ kɛseɛ,agric
922,broiler,akokɔ a wɔde yɛ nam,agric
923,brood,akokɔ mma,agric
924,brooding,akokɔ mma hwɛ,agric
925,brown manure,mono sumina,agric
926,browsing,nhaban didi,agric
927,Bt crop,Bt mfudeɛ,agric
928,buck,aponkye anini,agric
929,bucking,ntweaban mu didi,agric
930,bull,nantwinini,agric
931,bullock,nantwi a wɔayi ne mma,agric
932,bumper crop,otwa pii,agric
933,bushel,busɛl susudua,agric
934,calf,nantwi ba,agric
935,calf hutch,nantwi ba dan ketewa,agric
936,calving,nantwi ba wo,agric
937,candling,nkesua mu hwɛ,agric
938,cane mill,asɛɛ yam fie,agric
939,capon,akokɔnini a wɔayi ne mma,agric
940,care farming,hwɛ kuadwuma,agric
941,carryover,nkaeɛ,agric
942,carton,kaatɔn,agric
943,cash crop,sika otwa,agric
944,castration,mma yi,agric
945,catalo,nantwi ne efuo mmoawa,agric
946,catch crop,ntɛm otwa,agric
947,cattle,anantwie,agric
948,cattle cycle,nantwi mmerɛ nhyehyɛeɛ,agric
949,cattle drive,nantwi ka kɔ,agric
950,cattle prod,nantwi kanea,agric
951,cattle station,nantwi fie,agric
952,cattleman,ɔnantwiyɛfoɔ,agric
953,cellular agriculture,nkwammoa kuadwuma,agric
954,cellulosic fiber,nnua ntoma,agric
955,census of agriculture,kuadwuma nkontaa,agric
956,center-pivot irrigation,mfimfini so nsu gugu,agric
957,cereal,aburoo,agric
958,certified seed,aba a wɔagye atom,agric
959,chaff,aburoo ho,agric
960,chemical fallow,aduro gua so,agric
961,chemigation,aduro ne nsu gugu,agric
962,chevon,aponkye nam,agric
963,chisel plough,funtum,agric
964,circle irrigation,ahinanan nsu gugu,agric
965,citriculture,ankaa dua,agric
966,cloche,ahwehwɛ nkataho,agric
967,cock,akokɔnini,agric
968,cockerel,akokɔnini kumaa,agric
969,cold frame,awɔ ahwehwɛ dan,agric
970,collective farming,nkabom kuadwuma,agric
971,colostrum,nufosuo a ɛdi kan,agric
972,colt,pɔnkɔ ba,agric
973,columbarium,mmorɔnoma dan,agric
974,combine harvester,otwa ne ntwaho mfiri,agric
975,companion planting,nkabom dua,agric
976,complete feed,aduane a ɛyɛ ma,agric
977,compost,nwira sumina,agric
978,compound feed,aduane a wɔaka bom,agric
979,condensery,nufosuo so yɛ fie,agric
980,conservation tillage,asase kora funtum,agric
981,container gardening,nkuku mu turo,agric
982,continuous harvest,daa otwa,agric
983,contour farming,bepɔ so kuadwuma,agric
984,contract farming,apam so kuadwuma,agric
985,conventional tillage,daa funtum,agric
986,coop,akokɔ dan,agric
987,co-op,nkabom kuo,agric
988,coppicing,nnua twa ma ɛnnya bio,agric
989,copse,nnua kumaa,agric
990,corn crib,aburo kora dan,agric
991,corporate farming,adwumakuo kuadwuma,agric
992,cotton gin,asaawa yi mfiri,agric
993,cow,nantwi bere,agric
994,cowbell,nantwi dawuro,agric
995,cow–calf operation,nantwi ne ne ba hwɛ,agric
996,cow-calf separation,nantwi ne ba mu te,agric
997,creamery,srade yɛ fie,agric
998,creep feeding,mma adidi,agric
999,crop,otwa,agric
1000,crop insurance,otwa banbɔ,agric
1001,crop mark,otwa gyinaberɛ,agric
1002,crop residue,otwa nkaeɛ,agric
1003,crop rotation,otwa nsakraeɛ,agric
1004,crop water productivity,otwa nsu nsodeɛ,agric
1005,crop weed,otwa mu wura,agric
1006,cropdusting,otwa so aduro pete,agric
1007,crop-lien system,otwa bɔ nhyehyɛeɛ,agric
1008,cropping,otwa yɛ,agric
1009,crutching,odwan ho nwi yi,agric
1010,cryophilous crop,awɔ otwa,agric
1011,cull,paw fi mu,agric
1012,cultipacker,asase sosoɔ mfiri,agric
1013,cultivar,dua ɔkyɛfa,agric
1014,cultivation,dua,agric
1015,cultural control,amammerɛ so hwɛ,agric
1016,cultured meat,nkwammoa nam,agric
1017,custom harvesting,pɛ so otwa,agric
1018,dairy cattle,nufosuo nantwi,agric
1019,dam,nsubura,agric
1020,damping off,nsuo pii wu,agric
1021,dead hedge,aban a awu,agric
1022,dead stock,mmoa a wɔawu,agric
1023,deadheading,nhwiren a awu yi,agric
1024,deadweight,aboa duru a awu,agric
1025,deblossoming,nhwiren yi,agric
1026,defoliant,nhaban yi aduro,agric
1027,deintensified farming,kuadwuma a wɔate so,agric
1028,dessert crop,aduan pa otwa,agric
1029,detasseling,aburoo ti yi,agric
1030,dewatering,nsu yi,agric
1031,dewattling,mene yi,agric
1032,deworming,nsono yi,agric
1033,diatomaceous earth,diatom asase,agric
1034,dibber,tokuro yɛ adeɛ,agric
1035,digeponics,fam mu mfudeɛ,agric
1036,digital agriculture,dijitaal kuadwuma,agric
1037,dipping,aboa de hyɛ aduro mu,agric
1038,dockage,nneɛma bɔne yi,agric
1039,docking,dua yi,agric
1040,doddie,nantwi a ɔnni mmɛn,agric
1041,doe,wansane bere,agric
1042,dogie,nantwi ba a ɔnni maame,agric
1043,domestication,fie aboa yɛ,agric
1044,dovecote,mmorɔnoma dan,agric
1045,draff,adeɛ a wɔanoa,agric
1046,draft animal,aboa a ɔtwe,agric
1047,drawbar,atwedeɛ,agric
1048,drenching,aduro ma aboa nom,agric
1049,dressed weight,aboa duru a wɔayi ne ho,agric
1050,drinker,nsuo nom adeɛ,agric
1051,drip irrigation,nsuo susu,agric
1052,drop shed,aboa wo dan,agric
1053,droving,mmoa ka kɔ,agric
1054,dry cow,nantwi a ɔnnyɛ nufosuo,agric
1055,dry milling,sukɔɔ yam,agric
1056,dryland farming,asase a ɛnyɛ tɔɔ so kuadwuma,agric
1057,dubbing,akokɔ ti aboa mu twa,agric
1058,dynamic compaction,ahoɔden asase sosoɔ,agric
1059,earlage,aburo mmofra,agric
1060,earmark,aso so gyinaberɛ,agric
1061,earthing up,asase de kata,agric
1062,ecological farming,tebea kuadwuma,agric
1063,ecology,tebea ho nimdeɛ,agric
1064,economic maturity,sika so nyin,agric
1065,edaphology,asase su ho nimdeɛ,agric
1066,edge effects,ano nsunsuansoɔ,agric
1067,effective precipitation,osutɔ a ɛboa,agric
1068,emblements,otwa a ɛda so,agric
1069,energy crop,ahoɔden otwa,agric
1070,ensilaging,aduane kora wɔ dan mu,agric
1071,entire,aboa a wɔnnyii ne mma,agric
1072,ewe,odwan bere,agric
1073,exclosure,ban a wɔato,agric
1074,extensive agriculture,kuadwuma a ɛtrɛ,agric
1075,factory farming,fektri kuadwuma,agric
1076,fallow,asase a wɔagua so,agric
1077,fallow crop,gua so otwa,agric
1078,family farm,abusua kuafuo,agric
1079,farm,kuafuo,agric
1080,farm assurance,kuafuo banbɔ,agric
1081,farm crisis,kuafuo ɔhaw,agric
1082,farm gate value,kuafuo ɛpono so boɔ,agric
1083,farm stand,kuafuo tɔn bea,agric
1084,farm water,kuafuo nsu,agric
1085,farmer,okuafoɔ,agric
1086,farmers' co-op,akuafoɔ nkabom kuo,agric
1087,farmers' market,akuafoɔ gua,agric
1088,farming,kuadwuma,agric
1089,farmland,kuadwuma asase,agric
1090,farmstead,kuafuo fie,agric
1091,farm-to-table,kuafuo kɔ pon so,agric
1092,farrow,prako mma wo,agric
1093,farrowing,prako mma awo,agric
1094,fatling,aboa a wɔama asrade,agric
1095,fatstock,mmoa a wɔama asrade,agric
1096,fattening,srade ma,agric
1097,feather meal,ntakra aduane,agric
1098,fed cattle,anantwie a wɔama wɔn aduane,agric
1099,feed,aduane ma,agric
1100,feed grain,aburoo a wɔde ma mmoa,agric
1101,feedlot,mmoa adidibea,agric
1102,fencerow,aban ho,agric
1103,fertigation,ahoɔdennuro ne nsu gugu,agric
1104,fertilizer,ahoɔdennuro,agric
1105,fiber crop,ntoma otwa,agric
1106,field,afuo,agric
1107,field crop,afuo otwa,agric
1108,field day,afuo da,agric
1109,filly,pɔnkɔ ba bere,agric
1110,filter strip,nsusue ntadeɛ,agric
1111,finishing,aboa awie yɛ,agric
1112,fire farming,ogya kuadwuma,agric
1113,fired,wɔato ogya,agric
1114,fish emulsion,mpataa nsu ahoɔdennuro,agric
1115,fish farming,mpataa yɛ,agric
1116,fixing,siesie,agric
1117,flat planting,dada so dua,agric
1118,flood irrigation,osutɔ gugu,agric
1119,fleece,odwan ho nwi,agric
1120,flock,odwan kuo,agric
1121,floriculture,nhwiren yɛ,agric
1122,flushing,mmoa ma aduane pa,agric
1123,foal,pɔnkɔ ba,agric
1124,foaling,pɔnkɔ ba wo,agric
1125,fodder,mmoa aduane,agric
1126,food security,aduane ahobammɔ,agric
1127,food systems,aduane nhyehyɛeɛ,agric
1128,foodscaping,aduane turo,agric
1129,foodshed,aduane bea,agric
1130,food-feed system,aduane ne mmoa aduane nhyehyɛeɛ,agric
1131,foliar feeding,nhaban so aduane,agric
1132,forage,mmoa aduane hwehwɛ,agric
1133,forcing,hyɛ ma enyin ntɛm,agric
1134,forest farming,kwaeɛ kuadwuma,agric
1135,founder,anan mu yareɛ,agric
1136,free range,mpɔtam hɔ nantew,agric
1137,freemartin,nantwi ba bere a ɔnwo,agric
1138,freshening,nufosuo firi aseɛ,agric
1139,frost control,awɔkyeneeɛ si ano,agric
1140,fruticulture,nnuaba yɛ,agric
1141,fryer,akokɔ a wɔde kyekyere,agric
1142,fuelwood,nnua a wɔde so ogya,agric
1143,fungiculture,mmire yɛ,agric
1144,fur farming,nwi mmoa yɛ,agric
1145,furrow irrigation,tokuro mu nsu gugu,agric
1146,garden,turo,agric
1147,gardening,turo yɛ,agric
1148,gelding,pɔnkɔ a wɔayi ne mma,agric
1149,germination,aba fifiri,agric
1150,gestation crate,aboa nyanso dan,agric
1151,gilt,prako bere a ɔnwoo,agric
1152,ginning,asaawa yi,agric
1153,glasshouse,ahwehwɛ dan,agric
1154,gleaning,otwa akyi aboa,agric
1155,glyphosate,glyphosate aduro,agric
1156,goad,mmoa kanea,agric
1157,gobbler,kɔkɔte,agric
1158,grain,aburoo,agric
1159,grain drying,aburoo hye,agric
1160,grain elevator,aburoo mma ɛso,agric
1161,grain leg,aburoo ɔkwan,agric
1162,granary,aburoo kora dan,agric
1163,grass-fed,ɛserɛ a wɔde yɛnee,agric
1164,grazier,ɔnantwiyɛfoɔ,agric
1165,grazing,ɛserɛ didi,agric
1166,grease wool,srade odwan ho nwi,agric
1167,green chop,mono twa,agric
1168,green manure,mono ahoɔdennuro,agric
1169,Green Revolution,mono nsakraeɛ,agric
1170,greenhouse,ahwehwɛ dan,agric
1171,grelinette,aforɔ kɛseɛ,agric
1172,grist,aburoo a wɔayam,agric
1173,gristmill,aburoo yam fie,agric
1174,groundcover,fam kata,agric
1175,growing season,dua bere,agric
1176,hake bar,hake dua,agric
1177,hardpan,asase den,agric
1178,harrow,asase boboɔ mfiri,agric
1179,harvest,otwa,agric
1180,harvest index,otwa akontaa,agric
1181,harvested acres,eka a wɔatwa,agric
1182,harvesting,otwa yɛ,agric
1183,hay,ɛserɛ a wɔahye,agric
1184,hay bucking,ɛserɛ kyekyere,agric
1185,hay fever,ɛserɛ yareɛ,agric
1186,hay knife,ɛserɛ sekan,agric
1187,hay rake,ɛserɛ boaboa,agric
1188,hay steaming,ɛserɛ nsu a ɛyɛ hyeɛ,agric
1189,haycock,ɛserɛ boaboa,agric
1190,haylage,ɛserɛ a wɔakora,agric
1191,hayloft,ɛserɛ kora soro,agric
1192,hayrack,ɛserɛ didiadeɛ,agric
1193,hayseed,ɛserɛ aba,agric
1194,haystack,ɛserɛ boaboa kɛseɛ,agric
1195,headland,afuo ano asase,agric
1196,headrace,nsu ɔkwan,agric
1197,heifer,nantwi ba bere a ɔnwoo,agric
1198,hefting,odwan bea,agric
1199,heirloom,awo ntoatoaso,agric
1200,heliciculture,nwa yɛ,agric
1201,hemerochory,nnipa aba pete,agric
1202,hen,akokɔ bere,agric
1203,herbicide,wura kum aduro,agric
1204,herbicide resistance,wura kum aduro nnyɛ hwee,agric
1205,herding,mmoa hwɛ,agric
1206,hide,aboa ho were,agric
1207,high tunnel,soro ahwehwɛ dan,agric
1208,hill farming,bepɔ kuadwuma,agric
1209,hilling,bepɔ ketewa yɛ,agric
1210,hinny,pɔnkɔ ne afunumu mmoawa,agric
1211,hobby farm,anigyedeɛ kuafuo,agric
1212,hoe,asɔ,agric
1213,hog,prako,agric
1214,hog off,prako didi,agric
1215,hogget,odwan a wadi afe,agric
1216,home-grown,fie mu dua,agric
1217,honey plant,nwoɔ afifideɛ,agric
1218,honey wagon,sumina teaseɛnam,agric
1219,hoophouse,ahwehwɛ dan ketewa,agric
1220,hop kiln,hop hye dan,agric
1221,horticulture,turo yɛ,agric
1222,hot dressed carcass weight,ɔhyeɛ aboa duru,agric
1223,hotbed,ɔhyeɛ afuo,agric
1224,hothouse,ɔhyeɛ dan,agric
1225,humus,asase pa,agric
1226,husbandry,mmoa hwɛ,agric
1227,hybrid,mmoawa,agric
1228,hybrid vigor,mmoawa ahoɔden,agric
1229,hydroponics,nsu mu mfudeɛ,agric
1230,idle land,asase a wɔmfa nyɛ hwee,agric
1231,incubator,nkesua fifiri mfiri,agric
1232,indicator species,nkyerɛkyerɛ adeɛ,agric
1233,industrial agriculture,dwumadie kuadwuma,agric
1234,industrial crop,dwumadie otwa,agric
1235,input,nneɛma a wɔde hyɛ mu,agric
1236,insecticide,mmoawa kum aduro,agric
1237,intact,aboa a wɔnnyii ne mma,agric
1238,intensive agriculture,kuadwuma a emu yɛ den,agric
1239,intensive animal farming,mmoa yɛ a emu yɛ den,agric
1240,intercropping,mfudeɛ ka bom dua,agric
1241,irrigation,nsu gugu,agric
1242,jack,afunumu anini,agric
1243,jenny,afunumu bere,agric
1244,kernel,aburoo mu adeɛ,agric
1245,kid,aponkye ba,agric
1246,kidding,aponkye ba wo,agric
1247,lamb,odwan ba,agric
1248,lairage,mmoa dan,agric
1249,lambing,odwan ba wo,agric
1250,land improvement,asase tu mpɔn,agric
1251,landrace,asase su mfudeɛ,agric
1252,lard,prako srade,agric
1253,layer,nkesua to akokɔ,agric
1254,leaching,nsu so twe,agric
1255,liming,kalɛki de gu,agric
1256,linear aeration,atɛtrɛmu mframa,agric
1257,lint,asaawa ntoma,agric
1258,liquid manure,sumina a ɛyɛ nsu,agric
1259,livestock,mmoa,agric
1260,liveweight,aboa duru a ɔte ase,agric
1261,living mulch,afifideɛ fam kata,agric
1262,lodging,afifideɛ hwe,agric
1263,lumber,nnua a wɔatwa,agric
1264,lynchet,bepɔ so afuo,agric
1265,magnanery,abuburo yɛ dan,agric
1266,malt,aburoo a wɔama anɔ,agric
1267,malt house,malt yɛ dan,agric
1268,manger,aboa adidibea,agric
1269,manure,sumina,agric
1270,manure spreader,sumina pete mfiri,agric
1271,marc,aba a wɔahye,agric
1272,mare,pɔnkɔ bere,agric
1273,mariculture,po mu mmoa yɛ,agric
1274,mash,aduane a wɔayam,agric
1275,mast,nnua aba,agric
1276,maternity pen,aboa awo dan,agric
1277,matron,aboa bere,agric
1278,maverick,nantwi a ɔnni wura,agric
1279,meadow,ɛserɛ bea,agric
1280,mechanized agriculture,mfiri kuadwuma,agric
1281,merchantable volume,tɔn dodow,agric
1282,microbial inoculant,mmoawa nketenkete de hyɛ,agric
1283,micro-irrigation,nsu gugu ketewa,agric
1284,middlings,aburoo mu nneɛma,agric
1285,milk,nufosuo,agric
1286,milk cow,nufosuo nantwi,agric
1287,milking,nufosuo twe,agric
1288,milking parlor,nufosuo twe bea,agric
1289,milkshed,nufosuo bea,agric
1290,mill,yam fie,agric
1291,milling,yam,agric
1292,millrace,yam fie nsu ɔkwan,agric
1293,minimum tillage,funtum kakra,agric
1294,minor crop,otwa ketewa,agric
1295,miticide,nkramamoadi kum aduro,agric
1296,mixed farming,kuadwuma a wɔaka bom,agric
1297,monocropping,otwa baako dua,agric
1298,monoculture,mfudeɛ baako dua,agric
1299,mote,aburoo bɔne,agric
1300,mouldboard,asase dan,agric
1301,mouthing,ano mu hwɛ,agric
1302,mulch,fam kata,agric
1303,mule,pɔnkɔ ne afunumu mmoawa,agric
1304,muley,nantwi a ɔnni mmɛn,agric
1305,multigerm seed,aba pii,agric
1306,multiple cropping,otwa pii dua,agric
1307,mustering,mmoa boaboa,agric
1308,mutton,odwan nam,agric
1309,nanny goat,paprɛ bere,agric
1310,naps,ntoma so nwi,agric
1311,neps,ntoma mu bɔne,agric
1312,net farm income,kuafuo sika a wɔanya,agric
1313,neutering,mma yi,agric
1314,non-program crop,otwa a ɛnni nhyehyɛeɛ,agric
1315,northern vigor,atifi fam ahoɔden,agric
1316,no-till farming,funtum nni kuadwuma,agric
1317,noxious weed,wura a ɛyɛ bɔne,agric
1318,NPK,ahoɔdennuro ahodoɔ baasa,agric
1319,nurse cow,nantwi a ɔhwɛ mma,agric
1320,nurse crop,otwa a ɔhwɛ foforɔ,agric
1321,nursery,afifideɛ yɛ bea,agric
1322,nutrient pollution,ahoɔdennuro fi,agric
1323,oast,hop hye dan,agric
1324,off-farm stocks,kuafuo akyi nneɛma,agric
1325,oilseed crop,ngo aba otwa,agric
1326,olericulture,atosodeɛ yɛ,agric
1327,once grown seed,aba a wɔadua prɛko pɛ,agric
1328,once-over tillage,funtum prɛko pɛ,agric
1329,on-farm stocks,kuafuo so nneɛma,agric
1330,on-the-hoof,aboa a ɔte ase,agric
1331,open,wɔabue,agric
1332,open range,mpɔtam a wɔabue,agric
1333,orchard,nnuaba turo,agric
1334,orchardry,nnuaba turo yɛ,agric
1335,organic farming,abɔdeɛ kuadwuma,agric
1336,organic fertilizer,abɔdeɛ ahoɔdennuro,agric
1337,orthodox seed,aba a ɛyɛ daa,agric
1338,outbuilding,abɔnten dan,agric
1339,outfarm,kuafuo akyi,agric
1340,out-wintering,awɔ bere wɔ abɔnten,agric
1341,overcropping,otwa pii dodo,agric
1342,ox,nantwi a wɔde yɛ adwuma,agric
1343,packinghouse,nneɛma pɛɛkyɛ dan,agric
1344,paddy farming,ɛmo kuadwuma,agric
1345,paddy field,ɛmo afuo,agric
1346,pannage,kwaeɛ mu mmoa adidi,agric
1347,pasteurization,nufosuo hye,agric
1348,pastoral farming,mmoa hwɛ kuadwuma,agric
1349,pastoralism,mmoa hwɛ,agric
1350,pasture,mmoa adidibea,agric
1351,pastureland,mmoa adidi asase,agric
1352,pegging,dua de bɔ,agric
1353,pellet mill,pellet yɛ mfiri,agric
1354,perishable,ɛsɛe ntɛm,agric
1355,perlite,aboɔ mu adeɛ,agric
1356,permaculture,daa kuadwuma,agric
1357,permanent crop,daa otwa,agric
1358,pesticide,mmoawa kum aduro,agric
1359,pesticide refuge,mmoawa kum aduro guabea,agric
1360,pharming,aduro kuadwuma,agric
1361,pig,prako,agric
1362,piglet,prako ba,agric
1363,pigsty,prako dan,agric
1364,pineapple pit,borɔdɔma tokuro,agric
1365,pinery,nnua turo,agric
1366,pioneer crop,otwa a ɛdi kan,agric
1367,pisciculture,mpataa yɛ,agric
1368,pitchfork,aforɔ,agric
1369,plant breeding,afifideɛ yɛ,agric
1370,plantation,dua kɛseɛ,agric
1371,plashing,aban yɛ,agric
1372,plastic mulch,palastiki fam kata,agric
1373,plasticulture,palastiki kuadwuma,agric
1374,pleaching,nnua boboɔ,agric
1375,plough,funtum,agric
1376,plough pan,funtum asase den,agric
1377,plough planting,funtum dua,agric
1378,ploughing,funtum yɛ,agric
1379,ploughshare,funtum ano,agric
1380,plug,afifideɛ ketewa,agric
1381,plunge dip,de hyɛ aduro mu,agric
1382,poddy,nantwi ba a wɔde nufosuo ma,agric
1383,pollarding,nnua ti twa,agric
1384,polled,mmoa a ɔnni mmɛn,agric
1385,pollen drift,mpɔtɔ tu kɔ,agric
1386,polyculture,mfudeɛ ahodoɔ pii dua,agric
1387,polytunnel,palastiki ahwehwɛ dan,agric
1388,pomology,nnuaba ho nimdeɛ,agric
1389,ponding,nsu gyina,agric
1390,pork,prako nam,agric
1391,postemergent,efifiri akyi,agric
1392,postharvest,otwa akyi,agric
1393,postharvest losses,otwa akyi hwere,agric
1394,poult,kɔkɔ ba,agric
1395,poultry,nnomaa,agric
1396,poundage quota,duru akontaa,agric
1397,precision seeding,pɛpɛɛpɛ aba dua,agric
1398,precleaning,kane ho yi,agric
1399,preemergent,efifiri ansa,agric
1400,preharvest,otwa ansa,agric
1401,prices paid index,ka a wɔatua akontaa,agric
1402,prices received index,sika a wɔanya akontaa,agric
1403,prilled,nkuruwa nketenkete,agric
1404,primary tillage,funtum a ɛdi kan,agric
1405,priming,aba siesie,agric
1406,prod,kanea,agric
1407,produce,nnɔbaeɛ,agric
1408,profit crop,mfasoɔ otwa,agric
1409,program crop,nhyehyɛeɛ otwa,agric
1410,protein crop,protein otwa,agric
1411,provender,mmoa aduane,agric
1412,pruning,nnua twa,agric
1413,pseudocereal,aburoo sɛso,agric
1414,puddling,asase yɛ dɔte,agric
1415,pullet,akokɔ bere kumaa,agric
1416,pulpwood,pɛpa nnua,agric
1417,push–pull technology,twe-pia mfiridwuma,agric
1418,quern-stone,aburoo yam ɛboɔ,agric
1419,rafter,dan soro dua,agric
1420,rainfed field,osutɔ afuo,agric
1421,raised-bed gardening,mpoano turo,agric
1422,ram,odwan anini,agric
1423,ramification,mman pii,agric
1424,ranch,mmoa fie kɛseɛ,agric
1425,rancher,ɔmmoa hwɛfoɔ,agric
1426,ranching,mmoa hwɛ kɛseɛ,agric
1427,rangeland,mmoa adidi asase kɛseɛ,agric
1428,ratooning,ntin fifiri bio,agric
1429,reaping,otwa,agric
1430,recalcitrant seed,aba a ɛhye ntɛm,agric
1431,registered livestock,mmoa a wɔakyerɛw wɔn din,agric
1432,registered seed,aba a wɔakyerɛw wɔn din,agric
1433,relay cropping,ntoatoaso otwa,agric
1434,remainder,nkaeɛ,agric
1435,rendering,srade yɛ,agric
1436,residue,nkaeɛ,agric
1437,residue-to-product ratio,nkaeɛ ne nnɔbaeɛ bu,agric
1438,ribbon farm,kuafuo tiatia,agric
1439,riddle,pampaa,agric
1440,ridge-till,bepɔ ketewa funtum,agric
1441,ridging,bepɔ ketewa yɛ,agric
1442,ripper,asase paapae mfiri,agric
1443,roaster,akokɔ a wɔde toto,agric
1444,roguing,afifideɛ bɔne yi,agric
1445,roller,asase sosoɔ mfiri,agric
1446,rooster,akokɔnini,agric
1447,root crop,nhini otwa,agric
1448,root pruning,nhini twa,agric
1449,root zone,nhini bea,agric
1450,rotation crop,nsakraeɛ otwa,agric
1451,rotational grazing,nsakraeɛ didi,agric
1452,roughage,aduane a ɛyɛ den,agric
1453,row cover,nkyekyɛmu kata,agric
1454,row crop,nkyekyɛmu otwa,agric
1455,runholder,asase a wɔde ma mmoa didi wura,agric
1456,ruralism,akuraa asetra,agric
1457,scalping,nhaban twa,agric
1458,scarify,aba ho paapae,agric
1459,scion,dua mman a wɔde bata,agric
1460,scythe,ɛserɛ twa sekan,agric
1461,season extension,bere trɛ,agric
1462,second,nea ɛtɔ so mmienu,agric
1463,secondary tillage,funtum a ɛtɔ so mmienu,agric
1464,seed cotton,asaawa aba,agric
1465,seed crop,aba otwa,agric
1466,seed dressing,aba ho siesie,agric
1467,seed drill,aba dua mfiri,agric
1468,seed enhancement,aba tu mpɔn,agric
1469,seedbed,aba dua bea,agric
1470,seeding,aba dua,agric
1471,seedling,afifideɛ ketewa,agric
1472,seedlot,aba kuo,agric
1473,sericulture,abuburo yɛ,agric
1474,set,de si,agric
1475,setting,de si,agric
1476,shade house,nwunu dan,agric
1477,share,kyɛfa,agric
1478,sharecropping,kyɛfa kuadwuma,agric
1479,sharefarming,kyɛfa kuadwuma,agric
1480,shattering,apae,agric
1481,sheaf,ɛserɛ akyekyere,agric
1482,shearing,odwan ho nwi yi,agric
1483,shearing shed,odwan ho nwi yi dan,agric
1484,shearling,odwan a wɔayi ne ho nwi prɛko pɛ,agric
1485,sheep dip,odwan de hyɛ aduro mu,agric
1486,sheep station,odwan fie,agric
1487,sheet mulching,ntadeɛ fam kata,agric
1488,shelterbelt,nwunu nnua,agric
1489,shifting cultivation,asase nsakraeɛ kuadwuma,agric
1490,shoat,prako ba,agric
1491,shock,ɛserɛ boaboa,agric
1492,shrinkage,tesɛ,agric
1493,sickle,sekan ketewa,agric
1494,sickle feather,ntakra a ɛkyea,agric
1495,side dressing,nkyɛn so ahoɔdennuro,agric
1496,silage,aduane a wɔakora,agric
1497,silo,aduane kora dan kɛseɛ,agric
1498,silviculture,kwaeɛ yɛ,agric
1499,sire,aboa anini,agric
1500,slash-and-burn,twa hyehye,agric
1501,slash-and-char,twa yɛ bidie,agric
1502,slaughter,aboa kum,agric
1503,slaughter weight,aboa duru a wɔkum,agric
1504,slaughterhouse,mmoa kum fie,agric
1505,sled row,nkyekyɛmu a wɔatwe,agric
1506,slip,dua ketewa,agric
1507,slurry,sumina nsu,agric
1508,slurry pit,sumina nsu tokuro,agric
1509,smallholding,kuafuo ketewa,agric
1510,smother crop,otwa a ɛkata,agric
1511,smudge pot,wisie kora,agric
1512,soil amendment,asase tu mpɔn,agric
1513,soil compaction,asase den,agric
1514,soil inoculant,asase mmoawa de hyɛ,agric
1515,soil science,asase ho nimdeɛ,agric
1516,soil solarization,owia so asase kum,agric
1517,southwest injury,atɔeɛ fam pirapira,agric
1518,sow,prako bere,agric
1519,sow stall,prako bere dan,agric
1520,sowing,aba dua,agric
1521,spaying,mmoa bere mma yi,agric
1522,spoilage,adeɛ sɛe,agric
1523,sprigging,mman ketewa dua,agric
1524,springer,nantwi a ɔrebɛwo,agric
1525,sprinkler irrigation,nsuo pete gugu,agric
1526,sprout damage,fifiri ɔsɛeɛ,agric
1527,stable,mmoa dan,agric
1528,stag,aboa anini a wɔayi ne mma,agric
1529,staking,dua si,agric
1530,stallion,pɔnkɔ anini,agric
1531,staple fiber,ntoma titire,agric
1532,staple food,aduane titire,agric
1533,station,mmoa fie,agric
1534,steer,nantwi a wɔayi ne mma,agric
1535,stocker,aboa a wɔrehwɛ,agric
1536,stockgrower,ɔmmoa yɛfoɔ,agric
1537,stockyard,mmoa dan adiwo,agric
1538,stook,ɛserɛ boaboa,agric
1539,storage clamp,akorabea,agric
1540,stover,mfudeɛ nkaeɛ,agric
1541,stratification,aba nhyehyɛeɛ,agric
1542,straw,aburoo dua,agric
1543,strip cropping,nkyekyɛmu tiatia otwa,agric
1544,stubble,otwa akyi nkaeɛ,agric
1545,stubble-mulching,otwa akyi nkaeɛ fam kata,agric
1546,stud,aboa anini a wɔde wo,agric
1547,stumage,nnua a wɔatwa boɔ,agric
1548,sty,prako dan,agric
1549,subirrigation,ase nsu gugu,agric
1550,subsistence agriculture,asetena kuadwuma,agric
1551,subsoiler,ase funtum,agric
1552,succession planting,ntoatoaso dua,agric
1553,suckle,nufo,agric
1554,suckling,nufo,agric
1555,sugar bush,asikyire afifideɛ,agric
1556,summer fallow,ahuhuro gua,agric
1557,summer range,ahuhuro mmoa adidibea,agric
1558,sun-cured,owia so hye,agric
1559,sunscald,owia hye,agric
1560,super seeder,aba dua mfiri pa,agric
1561,support price,mmoa boɔ,agric
1562,sustainable agriculture,kuadwuma a ɛkɔ so,agric
1563,swampbusting,ɔwora paapae,agric
1564,swathe,ɛserɛ twa,agric
1565,swather,ɛserɛ twa mfiri,agric
1566,sweetening,dɛ ma,agric
1567,swill,prako aduane nsu,agric
1568,swine,mprako,agric
1569,tagging,gyinaberɛ de bɔ,agric
1570,tailing,dua nkaeɛ,agric
1571,tailrace,nsu ɔkwan a ɛyɛ ano,agric
1572,tailwater,nsu a aka,agric
1573,tallow,mmoa srade,agric
1574,tame hay,ɛserɛ a wɔadua,agric
1575,tankage,mmoa aduane a wɔayam,agric
1576,tapping,nsu yi,agric
1577,teart,asase a emu yɛ bɔne,agric
1578,tedder,ɛserɛ pete mfiri,agric
1579,tedding,ɛserɛ pete,agric
1580,tempering,adeɛ ma ɛnyɛ den,agric
1581,tenant farmer,okuafoɔ a ɔtua ka,agric
1582,tensiometer,asase nsu susudua,agric
1583,terrace,bepɔ so afuo,agric
1584,threshing,aburoo po,agric
1585,threshing floor,aburoo po bea,agric
1586,threshing machine,aburoo po mfiri,agric
1587,threshing stone,aburoo po ɛboɔ,agric
1588,tillage,funtum,agric
1589,tiller,mman fifiri,agric
1590,tilth,asase a wɔasiesie,agric
1591,timber,nnua,agric
1592,tobacco ban,tawa hye dan,agric
1593,tom,kɔkɔ anini,agric
1594,top dressing,soro ahoɔdennuro,agric
1595,topographical tetrazolium test,asase su nhwehwɛmu,agric
1596,topping,soro twa,agric
1597,topsoil,asase soro,agric
1598,towbar,atwedeɛ,agric
1599,tractor,terekta,agric
1600,transhumance,bere mu mmoa tu,agric
1601,transplanter,afifideɛ tu mfiri,agric
1602,transplanting,afifideɛ tu,agric
1603,trap crop,mmoawa twetwe otwa,agric
1604,tree farm,nnua kuafuo,agric
1605,tree wrapping,nnua ho nkataho,agric
1606,trellis,mman mmoa adeɛ,agric
1607,trench silo,tokuro kora dan,agric
1608,trickle irrigation,nsu susu gugu,agric
1609,trough,mmoa nsuo nom bea,agric
1610,truck farm,atosodeɛ kuafuo,agric
1611,turnrow,dan bea,agric
1612,twibill,mfiri mmienu,agric
1613,U-fork,U aforɔ,agric
1614,U-Pick,wo ankasa paw,agric
1615,udder,nufo,agric
1616,urban agriculture,kuro kuadwuma,agric
1617,vapor drift,ahuru tu kɔ,agric
1618,Vavilovian mimicry,Vavilov sɛso,agric
1619,veal,nantwi ba nam,agric
1620,vealer,nantwi ba a wɔde yɛ nam,agric
1621,veganic farming,afifideɛ kuadwuma,agric
1622,vermicompost,nsono sumina,agric
1623,vermiculite,aboɔ mu adeɛ,agric
1624,vermiculture,nsono yɛ,agric
1625,vermiponics,nsono ne nsu mfudeɛ,agric
1626,vernalization,awɔ nhwiren mmoa,agric
1627,vertical farming,soro kuadwuma,agric
1628,vineyard,bobesa turo,agric
1629,virtual water,nsu a wɔde yɛ,agric
1630,viticulture,bobesa dua,agric
1631,volunteer,afifideɛ a efifiri ankasa,agric
1632,walking tractor,terekta a wɔnante,agric
1633,warm-up ration,ɔhyeɛ aduane,agric
1634,water rights,nsu ho hokwan,agric
1635,water wheel,nsu afidie,agric
1636,waterlogging,nsuo pii gyina,agric
1637,water-meadow,ɛserɛ bea a nsu wɔ,agric
1638,watermill,nsu yam fie,agric
1639,water-wheel irrigation,nsu afidie gugu,agric
1640,weaning,nufo gyae,agric
1641,weanling,aboa ba a wɔagyae nufo,agric
1642,weed,wura,agric
1643,weed control,wura si ano,agric
1644,weed of cultivation,kuadwuma wura,agric
1645,weeder,wura yi mfiri,agric
1646,weeding,wura yi,agric
1647,wether,odwan a wɔayi ne mma,agric
1648,wet-milling,nsu yam,agric
1649,wigging,ntakra yi,agric
1650,wild hay,ɛserɛ a efifiri ankasa,agric
1651,wildcrafting,kwaeɛ mmoa aboa,agric
1652,wildling,afifideɛ a efifiri ankasa,agric
1653,wilting point,afifideɛ wu bere,agric
1654,windbreak,mframa si ano,agric
1655,windmill,mframa yam fie,agric
1656,windrow,ɛserɛ nkyekyɛmu,agric
1657,windrower,ɛserɛ nkyekyɛmu mfiri,agric
1658,windsnap,mframa bu,agric
1659,windthrow,mframa hwe,agric
1660,winnowing,aburoo hu,agric
1661,winter range,awɔ mmoa adidibea,agric
1662,wool,odwan ho nwi,agric
1663,wool alien,odwan ho nwi bɔne,agric
1664,woolshed,odwan ho nwi dan,agric
1665,worming,nsono yi,agric
1666,xeriscaping,nsuo kakra turo,agric
1667,yean,aponkye ba wo,agric
1668,yeanling,aponkye ba,agric
1669,yearling,aboa a wadi afe,agric
1670,yield,nnɔbaeɛ,agric
1671,yield mapping,nnɔbaeɛ mɛp,agric
